Okay, I will perform the Aspect Phrase Extraction on `product-test.csv` based on the provided guidelines, `product-examples.csv`, `GeneralCodebook.pdf`, and `TMKeywords.pdf`.

```csv
review no.,review,phrase,explanation
1,at first gumagana cyapero pagnalowbat cya ndi na ya magamit kahit ilang oras mo cya icharge namamatay agadpoor qualitynot for recommended,poor quality,Product - Quality: The phrase "poor quality" explicitly describes the product's subpar quality.
2,mahina lng ang hangin khit nka maximum na mabilis ma low batt pinapawisan p rin lalo n yung batok,mahina lng ang hangin,Product - Feature/Performance: "mahina lng ang hangin" describes the insufficient airflow of the product, related to its feature/performance.
2,mahina lng ang hangin khit nka maximum na mabilis ma low batt pinapawisan p rin lalo n yung batok,mabilis ma low batt,Product - Feature/Performance: "mabilis ma low batt" describes the battery life of the product, related to its feature/performance.
3,sabe q ky seller mga mahaba ang ipadala nya pagdating sakin isa ang mahaba kulay biege lang panu pa masusuot ng omorder skin e ang iiksi,iiksi,Product - Feature/Appearance: The word "iiksi" (short) describes the length/size of the product.
4,grabe naman toh 2 liters order ko tapos dumating 1 liter lang bibigay ko pa sana sa mama ko kaso pang grade 1 diko na masauli kase diko alam pano dadalhin pa daw sa may jt para masaoli ehh wala akong alam san yun,1 liter,Product - Feature: The phrase "1 liter" indicating product quantity
5,oil based kadisappoint lang yung cloud ksi parang iba yung amoy antapang may pag kalalake rin siyang scent which is not the same sa usual na binibili ko then amoy na amoy talaga yung alchohol sa bawat perfume pero i guess its worth the price mura lng naman kaya ok,iba yung amoy antapang may pag kalalake rin siyang scent,Product - Feature/Sensory: "iba yung amoy antapang may pag kalalake rin siyang scent" describes the scent of the perfume, a sensory property.
5,oil based kadisappoint lang yung cloud ksi parang iba yung amoy antapang may pag kalalake rin siyang scent which is not the same sa usual na binibili ko then amoy na amoy talaga yung alchohol sa bawat perfume pero i guess its worth the price mura lng naman kaya ok,amoy na amoy talaga yung alchohol,Product - Feature/Sensory: Describes the scent of the product.
6,not original pala ehe masikip yung isa di stretchable kaya sobrang liit pero ok naman ang iba,masikip yung isa,Product - Feature: Describes the fit/size/stretchability of the product.
6,not original pala ehe masikip yung isa di stretchable kaya sobrang liit pero ok naman ang iba,di stretchable,Product - Feature: Describes the stretchability of the product.
6,not original pala ehe masikip yung isa di stretchable kaya sobrang liit pero ok naman ang iba,sobrang liit,Product - Feature: Describes the size of the product.
7,wala pa jusko lorddd unang bili ko sa cloud tester muna grabe doon sobrang bango talaga as in tas nung malaki na ung binili ko mapapamura ka talaga tangina bakit amoy sabon sobrang layo sa tester nung amoy jusko namann nagbabayad naman ng maayos jusko nakakaumay ung amoy,sobrang bango,Product - Feature/Sensory: "sobrang bango" explicitly describes the pleasant scent, a sensory property of the product.
7,wala pa jusko lorddd unang bili ko sa cloud tester muna grabe doon sobrang bango talaga as in tas nung malaki na ung binili ko mapapamura ka talaga tangina bakit amoy sabon sobrang layo sa tester nung amoy jusko namann nagbabayad naman ng maayos jusko nakakaumay ung amoy,amoy sabon,Product - Feature/Sensory:  "amoy sabon"  describes the scent of the product, a sensory property.
7,wala pa jusko lorddd unang bili ko sa cloud tester muna grabe doon sobrang bango talaga as in tas nung malaki na ung binili ko mapapamura ka talaga tangina bakit amoy sabon sobrang layo sa tester nung amoy jusko namann nagbabayad naman ng maayos jusko nakakaumay ung amoy,nakakaumay ung amoy,Product - Feature/Sensory: "nakakaumay ung amoy" describes the unpleasant scent of the product, a sensory property.
8,hindi gaanong nag strait and umiinit sayang pera,hindi gaanong nag strait,Product - Performance: describes the performance of the product.
8,hindi gaanong nag strait and umiinit sayang pera,umiinit,Product - Feature/Performance: describes that the product is heating.
9,hindi po ngccharge yung earbuds sana nagrereply din kayo sa inquiries ng mga customer nyo bad customer service,hindi po ngccharge yung earbuds,Product - Functionality: describes that the earbuds cannot charge.
```