Review #,Review,product,delivery,price,service,explanation
1,maganda lahat salamat po order uli ako pag may pera,1,0,0,0,
2,kumpleto po lahat ng order kolage po ako omorder sa shop nato i recommend this shopcomplete walang damagethank you seller,1,0,0,1,
3,uhm ngayon lang nkapag rate dumating siya kahapon pa lang superrrrrr ganda ng mga item walang problema okay lahat goods pa ng quality more orders come sa shop niyo god bless stay the way you are dapat goods na item lang e ssell niyo charizz thank you shopee seller tsaka,1,0,0,1,
4,pangalawang order ko na to sobrang gandaaa talaga at mura paaa excellent quality talaga will order again godbless seller thankyou po lalalallala,1,0,1,1,
5,good order arrived items are in good condion for everyday use ng bagets transact on 99 and received at 911 thanks seller and courier,1,1,0,1,
6,water intake cute siya kaso may konting dent sa frosted part sa baba baka nascratch kung san siya naistore pero for its price okay naman na kasi malaki siya and mura na for 2 liters na malalagyan ng tubig so 4 stars padin thank you din sa stickers its cute,1,0,1,0,
7,5star sana kaso kulang pinadala ni seller wala yung tissue paper kaya 4star nalang although na refund naman yung tissue paper pero maganda sana kung kumpleto pinadala sa mga items ok naman hindi basag yung water bottle naka pack naman nang maayos kaya salamat parin seller,1,0,0,1,
8,i ordered black variant pero purple yung dumating okay naman walang sira kaso sana inform naman nila yung buyer na wala yung pinili na kulay,1,0,0,1,
9,good maganda naman sya though ibang kulay ang inorder ko nagustohan ko sya kaso lang may dents parin kahit naka bubble wrap natanggal yung sa likod na paint na part nilagyan ko nalang ng sticker thank you pa rin seller,1,0,0,1,
10,maganda cia kaso wala ung mga design nia sticker lng ung pinadala pero ung mga nkita ko sa comment eh meron ung magagandang design,1,0,0,0,
11,okay nman ung product kaso namali ung kulay nung isa imbes na green eh blue ung nrcv ko pero all in all eh okay nman,1,0,0,0,
12,maganda po quality ng produc kaso po ung isa sira po lock nia sana po bago nio ideliver is pktgnan mabuti kasi nkkdismaya nman po ang ganda pa nman kaya dq na sya panggamit sa trabho dto nlng sa bahay nmin,1,0,0,0,
13,ok na sana kaso maling kulay yung pinadala color black order ko e,0,0,0,0,
14,810 ok nman sya maganda yung product kaso lang yung kulay ng tumbler na pinili ko ay di tama but its ok kasi sa kulay lang naman nagkamali magagamit din naman namin ang tumbler and thank you to this shop  kasi affordable lang ang kanilang mga product,1,0,1,0,
15,excellent okie sya saakin super okie nmn kaso nga lang na disappointed lang ako sa color nya order ko is grayblack dumating saakin skypeach pero okey nmn,1,0,0,0,
16,okay nman kaso wrong color lang dumting black grey sna order ko,0,0,0,0,
17,okay naman ung order ko kaso 4 star lang kasi maling kulay ang binigay ang order ko gray black pero ang dumating blue orange,0,0,0,0,
18,di sya safe pag nilagyan ng mainit na tubig masisira sya salamat dumating na order ko salamat po sa seller at sa rider na nag deliver sana tumagal sya saken at hindi masira agad kaso mali ang napa deliver ni seller saken hindi na sunod ung inorder ko na kulay,1,1,0,1,
19,good maganda at walang damagedkaso mali lng yung kulayblueviolet order konaging pink lng yung bluesa anak ko panamn na lalaki yung bluesana nag cht manlang si seller na hindi na available yung blue,1,0,0,1,
20,okay naman yung quality makapal naman and walang amoy kaso 2l yung order ko pero 1100ml lang yung dumating okay na rin for its price,1,0,1,0,
21,maganda po yung product mabilis lang din dumatingkaso lang meron syang gasgas  but all in all good pa din naman,1,1,0,0,
22,ok ok na sana kaso pink inorder ko pero iba dumating,0,0,0,0,
23,good quality ayoko sana magbigay ng negative feedback kaso napakairesponsable naman ni seller hindi man lang naibalot sa bubble wrap yung item paano kung nabasag at basag na dumating saken sorry nalang ganon lang kasi wala akong choice ang tagal tagal ko hinintay tapos ganito pa nung dumating wala man,1,0,0,1,
24,arrived at good condition complete naman yung items kaso hindi sila pareparehas ng sukat lahat sila xl kita niyo nmaan sa pic pero kung titignan para lang silang small medium at large hahahahahaha pero thank you pa rin seller shopee and kay kuya rider,1,1,0,1,
25,order received po  ok na rin nmn ang tela complete po nakuha ko thank you  kaso ung iba hindi natahi ng maayos ung sa bulsa pero ok lng nmn po,1,0,0,0,
26,ok lang naman tama color and size kaso medyo manipis tela saka loose yung dulo nya gagawan konalang tuloy ng paraan dirin nagrereply yung seller sa mga tanong ko thank you padin mabilis dumating,1,1,0,1,
27,maganda ang tela mali lang ako ng order ng size para sana sa asawa ko kaso bitin will order again kapag nagpayday sale,1,0,0,0,
28,received items in good conditionokay sa price kasi ok nman quality manipos lang kaya sana tumagal,1,0,1,0,
29,maganda sana ang quality kaso black large ang binigay sakin instead sa order ko na navy blue xxl sayang kasi yon ang iniintay kong item,1,0,0,0,
30,sizes are too smalli ordered xxl kaso prang same lang ng mediumokay naman yung medium since maliit naman jowa ko kaso lang yung xxl panreregalo ko sana sa bayaw ko pero sure na di kasya bewangtama naman size ni seller and also sa color goodjob dunyun nga lang maliit tlga411,1,0,0,0,
31,so far okay naman sya malambot ang tela kaso maliit ang size even 2xl na but thank you paren seller,1,0,0,0,
32,good good day  okay naman yong items kaso ang babaw ng pocket sa jogging pant at parang pang unisex yong items so far okay naman pag ei base sa price value,1,0,1,0,
33,ok naman sana kaso may butas ang jogger pants pang gift ko pa naman sana yun tas yung brief kumpleto naman maliit lang pala ang large size at manipis lng sya pero ok lng mura lng naman eh pero next time sana ang ipadala nyo ay yung maayos yung walang,1,0,1,0,
34,not sure if pang ilang order ko na here always complete and correct items binbigay ni seller and secured din always ang packaging kaso medyo na sad ako this transaction may punit ung isang jogger i dont know kung why ero oks lang sana di na maulit sayang pambenta pa,1,0,0,0,
35,all goods naman ang ganda ng tela kaso yung khaki mali ang size xxl dapat pero xl yung pinadala okay naman parang mas malaki pa yung xl kesa sa xxl na sizes thanks seller kahit di ka marunong magreply gbu,1,0,0,1,
36,ok lang naman yung pants disappointed lang sa sizing ang liit pala ng xxl nila tapos ang ang tigas yung ginamit ng cloth sa bulsa ng dark gray para sana kay papa kaso ako ata makakagamit,1,0,0,0,
37,maganda naman siya kaso hindi type ng mother ko yung tela then medyo masikip yung large niya akala namin magkakasya sa father ko pero okay naman siya walang connect yung pic and vid sa item,1,0,0,0,
38,good nmn po siya for its price kaso lng parang medyo masikip ang xxl nila pero overall maganda yung quality almost 1 week nadin siya bago ko na receive dito sa mindanao kaya i give 4 star para sa seller,1,1,1,0,
39,maganda naman po sya sakto lang naman saakin kaso butas bo at sira yung sa zipper nya ok nalang naman makapal din pero hindi mainit,1,0,0,0,
40,mabilisa ship out  15 ko lang inorder 16 pa lang dumating na okay naman ang mga items tama ang kulay  maganda naman ang tela kaso maliit lang ang size xxl na order ko pero kasya lang s large pero 4 stars pa rin rate,1,1,0,0,
41,ok naman ang tela malambot and di mainitkasya lng s anak ko na lalakikaso ung zipper parang ordinary lng katulad lng ng ibang nabilin ko nongbunakunting hila lng matatanggapmas ok p cguro kung deretsong bulsa na lng mas maganda papero over all magandaspamat seller,1,0,0,0,
42,nice product good choice kaso ang zipper madaling madamage ittry plng open nasira na but still ok tnx seller and delivery guy but still ok tnx seller and delivery guy,1,0,0,0,
43,maganda ang quality wala na ako video at picture kasi kinuha na ng may ari maraming beses na ako nag order salamat seller,1,0,0,0,
44,makapal yung tela pwede panlamig sulit sa presyo great quality,1,0,1,0,
45,thank you shopee seller and sa nagdeliver maganda po yung mga jogger,1,1,0,0,
46,thank you seller thank you rider maganda ung tela pangit ung tela ng bulsa di zipper ung bulsa sakto sukat sa hita at comfy naman,1,0,0,0,
47,thank you po lahat maganda at kumpleto at tama po order ko always po maganda service dito sa uulitin po sulit pam business po,1,0,1,1,
48,thank you sa seller at sa nagdeliversakto lang sa husband koat fast delivery pai will order again ganda ng tela at makapal pang bike at pag jogging may pocket pa na may zippergod bless,1,1,0,0,
49,nagustuhan ng buyer ko ang items na to more powers to you and to shopee trusted shop and ofcoarse ang nag iisang shopee,1,0,0,0,
50,its my third order on this itemsatisfied buyer herealthough may mga natatanggal na tahiipa repair na la angsalamat shopeesa seller at of course sa masisipag na deliverer,1,0,0,1,
51,okayyy naman yung item good qualityyy nagustuhan sya ng father kooo thank youu seller thank youuu shoppeeeeeeeeeee,1,0,0,0,
52,ordered last july 15 2021 received last july 21 2021 kompleto naman po oorder ako ulit jusko finally found this shop merong zipper yung pants na antagal ko ng hinahanap,1,1,0,0,
53,good quality products salamat sa seller sa shoppee at sa nagdeliver will surely order again thank you po,1,0,0,1,
54,ganda parin ng quality thanks seller nka bublewrap pa,1,0,0,0,
55,this is my 3rd purchasesana may discount na sa susunodstill satisfied with the producti will order again,1,0,0,0,
56,nice quality very affordable thank you so much seller have to adjust your order 1 size bigger mejo maliit yung size but its nice i will surely buy again from this seller,1,0,1,1,
57,pang 3rd times ko na ng bumili dito sa shop na to maganda quality,1,0,0,0,
58,wala npo ako picture kc nkuha agadsold out po agad kaya ng order ulit ako thank u soo much po ang gnda ng quality at very affordablesana sae pdin ung qualitysa nxt order ko thanks seller shopee at ky kua jnt na suking suki kona super bilis,1,0,1,1,
59,thank you seller for my complete order tamang tama lang talaga yong naorder ko kasya po sa akin at syempre sa pgbibigyan ko oorder q next time,1,0,0,0,
60,ok nman mauksi nga lang at maliit png medium body frame lng yata sana may xxl ang size,1,0,0,0,
61,this is my second time ordering at this shop and all item are complete with no damages thank you seller for this sana sa pagorder ko ulit may free na char hahahhaha thank you din kay kuyang nagdeliver godbless you both and keep safe,1,0,0,1,
62,ang bilis mashipped inorder ko nung 2 nashipped ng 3 and then i received today kahapon pa sana pero di na nadeliver customer satisfied here manipis pero worth it naman sa price yung black stripped maganda ang tela niya madulas at malambot and yung pants maganda din,1,1,1,0,
63,hmmmmmm thank you seller sa product kahit manipis at hindi ko siya nagustuhan pero ok na rin sa presyo nya kasi mura langsana magustuhan ng husband ko ahay ok nalang thank you shopee sa serbisyo lagi thank you jt and deliveryman sa magandang serbisyo,1,0,1,1,
64,pang ilang order ku na to at satisfied parin aku hehehe thank you po seller sana next time may freebie na hehehehe sa uulitin po,0,0,0,1,
65,ang gaganda ng mga shorts thank you po seller yung video nasali yung order ku sa ibang shop sorry po nagkasabay kac clang dumating hehe,1,0,0,0,
66,maganda po ung product at mura lng ung medium size sakto lng po sa 26 or 27 na size 28 pataas sikip na po bibili ulit ako sa 11 yoong gray nmn nyahaha,1,0,1,0,
67,okay naman siya maayos dumating pag upo nga lang bumababa sa likod hehe thank you seller,0,0,0,0,
68,maganda sya thankyou sellllleeeerrrrrrrrrrrrrrr thankyou seller thankyou seller,1,0,0,0,
69,okay ang quality sulit ang price secured ang packaging mabilis ang delivery maraming salamat sa seller at sa courier,0,1,1,1,
70,best quality as ever many times na akong nag oorder and still so goodwalang sira ang mga items super protected with bubble wrap nasunod ang kulay and exact items talagai really love and trust this shophighly recommending this shop all products are good seryoso,1,0,0,0,
71,maliliit tlaga ung sizes  3x na ko bumibili d2 ganun pa din kaya mag add kayo mg size pag bibili kayo maganda kc quality para sakin kaya kahit ganun bumibili parin ako kay seller thank you parin kc nbenta ko parin cia  5 stars parin po sayo,1,0,0,0,
72,ok naman sya pang bahay at complete din yung dumating wala din naman syang sira thanks sa seller courier at shopee at kay kuya rider,0,0,0,1,
73,okay sila hehe thank you excited tuloy ako suotin bukas sa next purchase po ulet,0,0,0,0,
74,excellent quality very accommodating seller wellpackaged item shipped immediately will order again mabenta at binili agad,1,1,0,1,
75,thank you kumpleto at walang damage napaka ganda lahat salamat talaga po thankyou ng marami po sa uulitin po salamat talaga,1,0,0,0,
76,super like and worth it pang ilan order ko na sa shop the quality is good and super fast delivery din thank youuu seller,1,1,0,0,
77,thank you so much for these seller complete lahat ng items at napaka ganda po satisfied customer here happy selling po,1,0,0,0,
78,eto na at dumating din yung itemreasonable price for a reasonable itemgood quality thanx to seller  sa shopee,1,1,1,0,
79,item shipped immediatelymagaganda lahat ang items thank you so much seller keep up the good work will order again,1,1,0,0,
80,cotton smooth fabric kaso sira agad ang zipper the delivery is fast pero its good naman nevermind sa small damage thanks seller and to shoppe rider,1,1,0,0,
81,item arrived in good conditionwell packedthanx to shopee and sellerpati na din sa nagdelivermany thanx,0,1,0,0,
82,complete orders ang bilis din na ship and deliver agad ang ganda ng tela ang kapal nagustuhan ng mga kapatid at papa ko thank you seller and rider order kami ulit godbless and keep safe,1,1,0,0,
83,good quality ganda ng tela nagustuhan ng mister ko mabili na din agad yong 2di lang pareho yong type ng garter nya pero okey namang good quality parinnext order ulit ako nagtry lng kasi ako if magustohan kothanks sa shop na ito kay manong rider at sa shoppee,1,1,0,0,
84,ganda ng quality sa murang halaga thanks seller sa halagang 74 pesos sulit order ako ulit thanks shopee,1,0,1,0,
85,i was amazed of the quality mura yet di ka mapapamura sa quality i always prefer ksi large sizes for jogging pants para comfortable mag jogging thank you seller for this,1,0,1,0,
86,ang bilis ma deliver okay nman ung quality nya sakto lang for its price di nga lang consistent ung size kasi ung isang xxl medyo maliit overall good finds na din,1,1,1,0,
87,okay naman sya mas oks if pambahay or magrrun ng errand saglit ganurn pero di sya pede na pamporma talaga ganun medyo manipis tela nya but all in all naman maganda talaga,1,0,0,0,
88,ilang beses nakong umorder dahil na rin sa ang daming may gusto magpaorder na kawork ni papa ang ganda kasi nga ang comfy pa may isa na defect pero okay lang di naman masyadong halata thankyouuuuu seller and kay ateng nagdeliver godbless you both and keep safe,1,0,0,1,
89,ang ganda may kaliitan lang ang size niya pero bet na bet ng asawa ko napakabilis ng shipping kakaship out ng hapon kinabukasan andito na agad thank you so much 10stars,1,1,0,0,
90,this is my second order here and the quality is still good the package has arrived at the promised date without any problems and it is well packaged with plastic wrap covering it maraming salamat sa seller at courier,1,1,0,0,
91,this is my second order sa shop na ito maganda ang tela ng jogger kaya lang maliit ang size na xxl nung color dark gray pero ok lang sulit naman thank you seller,1,0,1,0,
92,bilis dumating nag order agad ako pagka deliver nung una kong inorder dahil maganda ang jogging pants at affordable ok din ang socks salamat seller,1,1,1,0,
93,was so satisfied with my order super ganda ng fabric worth the price it was packed nicely and it arrived early than expected the seller is also very accommodating,1,1,1,1,
94,huy ang gandaaaa sulit na sulit for 95 pesos no doubt kung bakit no 1 best selling its thick enough para hindi bumakat masyado yung underwear i am 52 and i ordered large tapos sakto lang yung fit sakin b overall im so satisfied with this purchase thank you seller,1,0,1,0,
95,salamaaaat shopeeeeeeeeeeeeee nagustuhan ng brother ko perfectly fit sa kanya oks naman yung packaging at tsaka mabilis yung delivery salamaaaat selleeeeeer,1,1,0,0,
96,maganda po ang item actually pangalawa na po naming order sa shop na ito una po naming inorder ay kay papa at nung nakita namin na maganda naman bumili ulit kami nagustuhan namin ni mama ang jogging pants tama rin ang kulay at sizes na ipinadalasalamat shopee salamat seller at,1,0,0,1,
97,nice packaging and fast delivery sulit maganda ren yung tela makapal pwede pang pe hehehez,1,1,1,0,
98,ayos naman pero medyo masikip sa bewang mas maluwag pa ung dating order ko na large ang size xxl naman ang tag nito pero ung sa hita okay naman ang fitting,1,0,0,0,
99,dumating na order ko kompleto naman maganda talaga to iwas sa mga lamok pwede suotin everyday order ulit ako soon,1,0,0,0,
100,ok yung large makapal naman yung tela yung xxl may damage kita naman sa pic and video mura naman kaya ayos lang basta keri pa matahi next time double check na lang po sana salamat po ng marami,1,0,1,0,
101,maganda naman yunh product but it delivered late to its expected delivery pero okay lang mabait naman yung nag deliver di ko lang inaasahan yung tela ng leggings akala ko cotton yung madulas pala,1,1,0,1,
102,wala na finish na di ko inexpect yung ganda ng quality hindi sobrang kapal hindi rin sobrang nipis tska kapag sinuot sobrang gaan sa feeling ng fabric and may 2 pockets sakto yung fitting pero maliit ang size nila yung length very sakto i have thick thighs 55 ang height,1,0,0,0,
103,good quality lahat ng inorder ko ganda ng mga plain tee at muscel tee sobrang nagustuhan ni hubby i will order again thank you,1,0,0,0,
104,okay lang naman yung tela first time to order ln this shop at satisfied naman ako medyo matagal lang dumating thankyou seller,1,1,0,0,
105,ang gandaaaaaa salamat seller at sa shoppe,1,0,0,0,
106,items were shipped immediately received in excellent condition and wellpackaged naman magaganda lahat sakto iyong mga kulay and sizes na nabigay will definitely order again salamat seller sa kuyang nagdeliver at salamat shopee,1,1,0,1,
107,salamat shopee at sa seller tanggap ko na order ko maganda at makapal ang tela kaso maliit lng yung large sana xl lng inorder ko pero ok lng naman maganda pa rin salamat seller at sa shopee good job order nlang ako ulitsalamat din sa delivery man,1,0,0,1,
108,second order from this shop though the seller didnt reply to my messages tama naman pinadeliver nila i got the right color and size that i ordered kudos,1,0,0,1,
109,oks yung item nadeliver agad true to word na makapal yung tela kaya lang mas maganda pala kung mas malaking size nabili ko para mas baggy tingnan,1,1,0,0,
110,ang bilis nya ma ship  sakto lang ang tela kaso parang pang girl ang size nya large na to eh sana magkasya sa kuya ko  thank you seller,1,1,0,0,
111,thank you sellee mganda at sakto lang sa price ang quality nya nagustuhan ng asawa ko order ulit other colors naman,1,0,1,0,
112,okay naman di makapal di din manipis different sizes din kahit same silang xxl pero i dont recommend na bumili yung mga size 35 and up kase baka di kasya sa inyo overall okay naman sya because of the price,1,0,1,0,
113,super ganda niya worth it yong binayad ang ganda pa ng quality makapal ang tela bilis pa dumating at walang damage yong items tama din yong items na binigay,1,1,1,0,
114,maganda daw sabi ng brother ko oorder uli thanks seller napakabilis nyo mag ship more sales to come,1,1,0,0,
115,super ganda nito nag fit saken akala ko di kakasya kasi super laki ng balakang ko strechable sya kaya fit na fit saken at gustong gusto ko comportable din isuot bagay sya pang lakad lakad love it thank you seller,1,0,0,0,
116,well packedddddddd at magaganda andddd completeeeeeee salamat po ng maramiiii lagi akong umu order dito sana laging maayos ipadalaaaa thank youuuuuuuuuuuuu,1,0,0,0,
117,thanks seller ok po yung quality walang damagekaso matagal lang dumatingpero ok lang ganda nman eh,1,1,0,0,
118,thank you po seller courier at kuya na nagdeliver tamang mga kulay at bilang pinadala ni seller at pinaship din agad maganda ang pantsthank you,1,1,0,1,
119,i ordered the next day it is shipped out and then kaboom its here na hahhahahah thankyoou seller ang cute ng color niyaa i was so shocked lang kasi its xxl and sakto lang talaga siya for me anyway thankyou,1,1,0,0,
120,ang gaganda ng itemsmy second ordersalamat kay seller at kuya riderwalang damage ung itemsang bilis pa dumatingoorder kami ulit,1,1,0,1,
121,mabilis na deliver ang parcel at maganda naman ang tela hindi masyadong manipis at maganda din ang item kaso yung isa na grey ay may dumi buti na lang natanggal nung malabhan di ko lang sure kung kakasya sa kuya ko overall okay naman,1,1,0,0,
122,thank you so much seller at sa shopee received complete and no damage okey lang nan maganda po worth it for its price satisfied customer here,1,0,1,0,
123,mabilis dumating complete orders and variation kaya lang ibang iba na yung tela nya sa una kong naorder may kanipisan na sya,1,1,0,0,
124,hello seller maganda po sya kasu maliityung sizes nya pambabae po talaga pero maganda din po yung tela thank you so much,1,0,0,0,
125,ok na ok yung item oorder ako ulit ang bilis din dumating at maayos ang packaging thank you seller sa uulitin po,1,1,0,1,
126,sa mura halaga may short kana thank you seller sa complete item will order again pag naubos to paninda ko,0,0,1,1,
127,sakto lahat ng items mabilis yong time frame ng ship out at delivery maganda yong quality ng tela oorder kami ulit ty,1,1,0,0,
128,liit ng sizing nya xxl na binili ko pero parang ml lang sya may defect den sya yung sintas nya yung pang ribbon nasa likod anubayan alam kong factory defect yun pero sana chineck muna ni seller nagpasend ako pic bago iship kaso d sya nakareply 3 stars lang sana,1,0,0,1,
129,fast shipping 1 day lang kaso di ganun ka kapal yung tela nasunod naman yung color salamat pa din po seller yyayayasylaayya,1,1,0,0,
130,thanks shopee and seller kaso di nasunod ang gusto kong color kc parehas black ang dumating sakin i order one navy blue and one black but anyways ok na rin sana magkasya sya sakin,0,1,0,0,
131,black brown gree mabilis sya dumating kaso tulad ng nasa pic parang lawlaw tela nya na para bang sinuot na ng malaking tao nakakadisappointju,1,1,0,0,
132,ok lang din maganda kaso bakat yung foam nya kaya medyo pangit tignan dapat pala di na beige pinili ko thank you parin seller,1,0,0,0,
133,march 6 2021 recieved all my orders complete apat maganda makakapal yung tela kaso the color was not the same as the one in the pics na pinili ko expected ko tealish or blue green like sa pic,1,0,0,0,
134,nagustuhan ko naman yung mga items kaso nga lang yung ibang items ibang color yung dumating sken then iba yung color sa picture compared sa actual items black lang yung sumakto pero thanks pa din seller,1,0,0,0,
135,ganda siya love it kaso lng di man lng bnalot sa bubble wrap pinasok lng kaagad sa plastic meh tendency kcng madeform kpag nde nkabubble wrap kc inner wears siya siya eh i suggest next time put it in a bubble wrap or in a ziplock to avoid deformity of,1,0,0,0,
136,okay naman siya for me kasi parang di siya mainit suotin ang kaso lang naglulukot yung parang strap niya and tagal niya din bago nadeliver,1,1,0,0,
137,goods yung item kaso nga lang ung foam nya sa loob medyo na ipit ata and na di form but anyway good product second time kong omorder but still it didnt disappoint me,1,0,0,0,
138,maganda naman sya kaso yung light blue di ko nagustuhan ang laki tsaka di maganda pagkatahi parang nagamit na,1,0,0,0,
139,ayos lng maganda kung ano nasa pic un din ung dadating sayo kasoooo i thought na may kasama na na sticker ung nails andddd ung glue may kasama nang gluee ang kaso bawas na like wala p sa kalahati ung bawas cute ung mga nails saka may nail file na,1,0,0,0,
140,pang 3rd time ko ng nag oorder dito goods naman kaso yung glue po bakit hindi puno ganun po ba talaga huhu anyway thank you pa din po,1,0,0,0,
141,91 okay naman siya kaso natatanggal siya after ilang hours hahahaha pero kasalanan ko din naman kasi di ako marunong mag lagay ng glue pero magandaaa naman medj okay naman yung color yun lang thank you po seller,1,0,0,0,
142,maganda naman yung mga naills and affordable mabilis din dumating yung mga item kaso too big mga size nila lumalagpas sa kuko pag dinidikit,1,1,0,0,
143,its okay kaso yung isang item hindi nasunod sa variation na pinili ko and wala man lang message si seller na babaguhin yung isang item kaya hindi ko alam kung wala na yung ganung design or nagkamali ng design na napadala,0,0,0,1,
144,ganda kaso parang mighty yung glue hahaha medj mahapdi kapag napunta sa skin jsxjdnsjshshananananasnsnsnsnznznznznzns,1,0,0,0,
145,810 maganda sana kaso d madikit ung glue ph0t0  v1d n0t r3lat3d cute ung nails kaso d madikit ung glue uwu,1,0,0,0,
146,okay naman yung item mabilis dumating kaso yung glue di masyadong madikit kung sa ganda ng fake nails recommended ito for me lalo na kung mataas expectation mo sa item na tosayang lang nawala yung isa kong nail hahahaha di ko na tuloy alam kung saan nahulog bagay sa maputi,1,1,0,0,
147,yung iba hindi pantay ang tip at need ifile kaso kapag finile mo nasisira naman yung design so magtiis ka kung maganda pero iritable sa feeling o komportable pero sira yung design yung iba masyado malambot kaya nasisira agad may bubble yung iba kahit bagi mo idikit,1,0,0,0,
148,maganda kaso nakakatakot ung glue masyadong madikit di basta basta pwede palitan fake nails baka sumama ung kuko,1,0,0,0,
149,maganda ung tela kaso ung bulsa butas pero ok lang salamat seller god bless,1,0,0,1,
150,mura pero good quality kaso mali yung naibigay na color black ang inorder ko pero maroon ang dumating still nagustuhan naman ng kapatid ko hahaha thanks seller at sa nagdeliver din,1,0,1,1,
151,okay na sana kaso mali yong color order ko color black binigay nyo blue imbis na order ako ulit hindi nlng hayz,0,0,0,0,
152,thank you seller maganda po siya kaso maliit lang sa partner ko,1,0,0,0,
153,good ok naman kaso maliit ang large parang small size,1,0,0,0,
154,4star sory po pero maganda din naman cia kaso kunting nipis lang pero maganda cia comfortable suotin at mura pa kaya uulit po ako bibili if have money jejjeje,1,0,1,0,
155,ok nmn xia kaso maliit lang hindi kasya sa husband kolarge xia for teens kasya kaya binenta ko nlng sa pamangkin ko na 14 ang age,1,0,0,0,
156,ito goods to nasunod yung order ko sa jogger maganda cotton ang tela goods as new salamat shoppe rider and seller kaso itong iba,1,1,0,1,
157,okay naman maganda kaso yung black nyonho color navy blue pero okay na din,1,0,0,0,
158,good ang ganda ang linis tingnan ng cr ko ang sarap sa mata good quality din kaso paramg hindi accurate yung length order na lang ako ulit thank you seller dahil tama yung mga item na pinadala well packaged din thanks kay kuya rider,1,1,0,1,
159,medyo makapal 5star sana kaso dark grey ang dumating imbes na light grey buti na lng goods pa rin naman i will order ulit kasi kulang,1,0,0,0,
160,maganda kaso bitin pa ndi pa tapos kabitan order ulit ako next time,1,0,0,0,
161,good arrive safe and securethank you kuya ridermaganda yung kulay kaso lng manipis mabilis mapunit pero ok lng sa presyo nyasalamat seller,1,1,1,0,
162,pic and video not related mabilis lang iship at dumating order well packaged nmn at wala sira kaso iba kulay ang dumating medyo black hindi grey,1,1,0,0,
163,maganda naman po quality kaso lang may dumi medyo mataas din kunti naputol ko na kasi yung karugtong ng nasa picture i still love it,1,0,0,0,
164,super nice pangalawang bili ko na to kaso kinulang pa rin  5 na nabibili ko pero kulang pa rin pala,0,0,0,0,
165,second time order ko kaso ganto un satisfied this time cguro sa pg dilever na toh,0,0,0,0,
166,good i like it  maganda ang pagka gray nya at yong white din maganda kaso dismayado lang ako sa meters nya sabi 10 meters pero 7 meters lang pala mag purchase nalang ako ulit seller sana next time kong sinabing 10 meters dapat sana 10 meters para legit,1,0,0,1,
167,good sana ung quality kaso hindi gano nasecure ung product kaya nyupi at nlukot ung ibahindi tuloy maganda lapat sa wall nung mga nlukot,1,0,0,0,
168,good ang ganda po nag products like worth to buy kaso wag nyo po kunan nang carton sa loob kasi po para syang damnit na tiniklop,1,0,0,0,
169,maganda ang item kaso super tagal dumating sana mapabilis next time god bless,0,1,0,0,
170,great maganda naman ang quality and mabilis madeliver kaso semi madumi yung ibang parts pero okay lang din naman,1,1,0,0,
171,maganda sya kaso di madikit mabilis sya matanggal lalo na sa mga edges ng nilagyan mo mabilis lang din mapunit kasi manipis once na naiscratch mo yung kuko mong mahaba or anything na matulis e mabubutas or masisira yung nakadikit na wallpaper sa dingding but overall ok naman sya for,1,0,0,0,
172,goods naman yung quality kaso hindi naman pala sya 10 meters by 42 cm ngayon ko lang nacheck 6 meters by 42 cm lang sya,1,0,0,0,
173,8 ang ganda kaso nakulangan akoi will order again,1,0,0,0,
174,i recieve the product in good condition kaso nga lang yung purple kulang ng 3 pcs  yun lang thank seller,0,0,0,0,
175,thank you po seller sa maayos na pagka balot kaso hindi ko pa sya nabubuksan baka sa susunod na araw na thank you din sa courier sa mataas na pasensya ng delivery time god bless you both,0,1,0,0,
176,very ok oks naman mabilis madeliver kaso kulang lang ng isa pero ok lang naman pakidouble check nalang next time seller salamat,0,1,0,1,
177,maganda sana kaso di masyadong madikit worth the price pa rin naman gagamitan nlang siguro ng rugby o kaya zoy para dumikit talaga salamat po,1,0,1,0,
178,okay super bet ko yung product sa store na to kaso lang liit ng size nya sayang talaga di kasya sa akin34 ako pro di kasya 36 pero for sure o order ako ulit,1,0,0,0,
179,kumpleto naman yung item at okay sa price kaso hindi pareparehas yung sizing  pero pwede narin maraming salamat,0,0,1,0,
180,nice quality 3rd time ordering from this shop still did not disappoint kaso di gaanong stretchy ang band but still ganda ng fit,1,0,0,0,
181,okay sana looks the same as the pics in the ad kaso luma or sirang stock ang sinend sakin matatastas na yung thread im 36a and ang inorder ko yung 38 okay naman ang fit has padding,1,0,0,0,
182,mabilis maiship at maedeliver kaso lng ang iba ay deformed complete naman at correct sizing at colors pag yellow order mo asahan mo n may dents lalo at s34 at 36 oordern mo 38 wala poblema like this one wala xa dents,1,1,0,0,
183,i ordered 10172021 order received 10302021 medjo matagal dumating so far the products was good for its price kaso yon ngalang di responsive si seller,1,1,1,1,
184,pang 4 ko na tong order sa shop na to ok na sana kaso mali yung size na pinadala ni seller  i order 36 for the cream pero size 38 ang pinadala n seller kaya 4 na lng,0,0,0,1,
185,black ok lang naman siya sa price kaso maliit size niya dapat pag 34b ka orderin mo 36b para di agad siya nababanat pero oorder pa ako ulit thankyou seller tama yung kulay,1,0,1,0,
186,mbilis dumating kaso hnd nasunod ang color ilan beses q chinat c seller hnd nman binabasa,0,1,0,1,
187,good super ganda ng qualityi recomded bili na kayo hindi kayo magsisi,1,0,0,0,
188,sakto yung kulay at completo yung items ang ganda ng bra worth it po,1,0,1,0,
189,ganda po sakto sya hehehe sa uulitin po order ulit ako gehehe,1,0,0,0,
190,idk yt maganda yung pag kaka package nya luv it thank you seller kaso lng basa yung naka wrap sa kanya sa ibabaw lng nmn,1,0,0,1,
191,none tama nmn ung dumatingkaso d tulad sa pictures na nag pinkish syawla nmn nngyaripero salamat parin kay seller at kay kua rider,1,0,0,1,
192,1010 goods naman lahat ng na order ko kaso yung eyeshadow may crack ng onte yung case pero okay panaman siya thanks to seller na laging naka update and reply sa mga messages ko,1,0,0,1,
193,photos and videos are not related maganda siya mabango kaso ang prob lang is wala siyang pang scoop akala ko meron but its okay magande texture niya kaso wala lang talagang pang scoop ang unhygienic lang for me hahwvajajahwhwiwwbsnalalalalababsnsnsnanajajanansjskakakakajaklaallalamanwelcome,1,0,0,0,
194,okay naman yung product and packaging kaso may isang shade na mali instead na 2 burgandy yung ibigay iisa lang then 1 pink na yung isa next time po paki double check yung orders thank you,1,0,0,1,
195,okay naman kaso pink po order ko e btw thank youuu pa rin kasi piso lang bili ko sa kanya plus shipping fee 38 pesos,0,0,0,0,
196,ayos lang yong item same sa dati nadisappoint lang ako kasi nagleak sya nkabuble wrap nman kaso hindi nman inayos pagkawrap nya nkaopen pa sya,1,0,0,0,
197,maganda naman at maayus naman lahat kaso yung conditioner parang fake  pero ok lang worth naman sa price lahat thanks seller,1,0,1,0,
198,received n po lht ng item good quality nmn kaso yung inorder ko n black face mask walang box baka nakalimutan i pack  thanks seller and shoppee,1,0,0,1,
199,5 star sana kaso maling color ng lipbalm dumatingpero okay langsana next time tama na,0,0,0,0,
200,maganda naman siya kaso same lang ng kulay nung burnt at burgandy walang pinagkaiba,1,0,0,0,
201,mabango sya kaso color tan ang inorder color plum ang dumating,1,0,0,0,
202,good complete order nman ang dumating sakin and okay nman ang product kaso nga lang medyo matagal ang delivery,1,1,0,0,
203,good quality mabilis at complete po noong dumating sa akin ang kaso ay color brown yung dumating sakin na eyebrow gel yung pinili ko po ay color black,1,1,0,0,
204,thank you seller hindi talaga saken toh nag pabili lang kawork ko kasi meron na ako ang ganda gamitin magaan sa mata sa uulitin,1,0,0,1,
205,maganda sya mascara and the beauty blender kaso yung sa eye liner parang tuyo,1,0,0,0,
206,dito napo yong order ko salamat po ang ganda lahat kaso kulng lng ng isang item conceler,1,0,0,0,
207,it would be 5star kaso i thought waterproof siya pero hindi kahit na tuyo na siya pag na smudge mo siya may sasamang ink nvm maayos naman shipping,1,1,0,0,
208,45 its good yung brown gusto ko kaso yung black may damage medyo nakabaluktot pero okay lang kasi pwede pa rin magamit pero yung pagkakalagay di ko gusto,1,0,0,0,
209,goods yung items kaso pinag antay ako ng rider sa tapat ng bank ng 40minsnag lagay lang ako ng limit kase super tagal tapos no updates nag call sya again pero gabe na kaya diko nadin sinagot sana dina maulet sa iba pang buyer,0,1,0,1,
210,good recieved my order thank you seller for fast delivery maganda sya kaso wrong color ang narecieved ko thank you shopee at kay kuya ngdeliver,1,1,0,1,
211,good okay na sana kaso mali ang color na dumating hindi na natry pero sana maayos thanyouuu more blessing to come godbless,0,1,0,0,
212,super cute kaso baho prang amoy sunog na wire hahahahaha pictures not related for ratings only,1,0,0,0,
213,dko sure ok nman xa mabilis lng shipping and all item is good no damage kaso medyo di lng halata ung kulay kumpara sa pic but thank u,1,1,0,0,
214,mgnda nmn cya kaso ung packaging lng d mn lng nka bubble wrap buti nlng d nmn na damage or nabsag ang dumi pa ng package nya sa labas,0,0,0,0,
215,maayos po ang pagkakabalot mabilis din mag ship kaso po bakit paramg may punit di ko sure kung bawas or factory defect e anyway thank you pomaganda nmn,1,1,0,0,
216,ok naman siya kaso missing ng isang item nareceive ko,0,0,0,0,
217,nice quality madali mapunit pero okay na waiting na ako sa reorder ko kung paano nakarating sa bahay worth ittt kaso bitin sa wall hahahaha,1,0,0,0,
218,low quality maganda sya ung color its so cute nung ginamit ko nagustuhan ko kaso naputol agd ung pang ipit ehh,1,0,0,0,
219,poor ganda sana kaso basag yung isang pen but its okay cant expect anything for cheap price,1,0,1,0,
220,sana mtgl syang mlubt ngustohan ng anak ko salamt po seller,1,0,0,0,
221,bilis dumating super kaso ampanget nung packaging halos bukas na yung box tapos nagsstuck dun sa clip yong bottom part nong lens pero ayos naman siguro waha thanks,1,1,0,0,
222,good condition mabilis shipped item is secure and complete although maganda ung item sorry ang bilis nya tlga m lowbat wala 2 hrs gamit pag manonood ng video lowbat agad kahit mabilis m full charge hirap pag need lagi i charge ibrought this to my son para mapanooran nya kaso,1,1,0,0,
223,malaki sya maganda happy nmn ang bebe ko kaso ang bilis po malowbat at my unting gasgas yung camera pero ang ganda nmn pwde na din sa price  thankyou ang bilis madeliver,1,1,1,0,
224,ok second order ko ito and wala akong masabi kasi very responsive very clear ang display and super loud and clear ang sound very good ang battery tumatagal talaga walang kahit anong issue appearance looks very good din first order ko madaming issue kaso di na pala pwede ibalik kpag,1,0,0,1,
225,it arrived on time kinda disappointed coz i hinted the seller of what i want and its my birthday gift for myself and yet i have this anyway random naman kaso yung packaging di maganda ni hindi nakabubble wrap yung mouse buti gumagana ng maayos,1,1,0,0,
226,maganda yong item na order ko mouse at headset kaso ang problema yong sa mystery item ayos yong mouse pad ang ganda kaso yong air pod sana wag na kayo mag lagay ng ganun di kasi nagana kawawa nmn yong order lang ay ganun sayang ang pera nila,1,0,1,0,
227,okay naman yung dumating na product kaso parang di mystery pouch,0,0,0,0,
228,anime design which what i prefer maganda namqn yung product at sulit para sa price kahit random item lang 5 star sana kaso mouse pad ulit nakuha sana ibang item nalang haha,1,0,1,0,
229,kala ko ear buds o head set kaso hindi pala mouse pad pa din ang dumating,0,0,0,0,
230,order q si sasuke at naruto kaso dumating si naruto lang ok naman sana kaso lng sana nagpm si seller kung walang stock ng order q all goods nman po thanks sa uulitin,0,0,0,1,
231,good 810 all goods naman yung product sulit na sa price nya kaso 610 ang rate ko sa packaging nya dahil walang nakalagay na fragile kaya ang nangyari yung box ng ring light eh mga butas buti na lng talaga hnd na damage yung lamanyung stand nya meron konting deformation,1,0,1,0,
232,mabilis ang delivery kaso di masyado protektado yung item nareceive ko yung stand na may kupi na ok naman ring light walang basag working naman sana next time bago nyo ideliver i check nyo muna kung may defect kung di ko lang kailangan agad i return ko sana,1,1,0,1,
233,okay na po sana kaso may basag po sa may ring light at nung na received ko po sya yong box po nung ring light nayupi na po pati po yong stand may yupi din po sa baba okay na din po kaso sana next time po hindi na po,1,0,0,0,
234,super tagal nya dumating pero understood naman since 1111 ko sya pinurchase pagdating nya may butas na pero feel ko fault na ng courier kaso di ako magaassume maganda naman quality for the price di sya super wobbly nakakakaba lang talaga yung pagmove ng ringlight pero ok naman bet ko,1,1,1,0,
235,gumagana po cya kaso may defect po sa stand may yupi poewan ko kng sino yung may kasalan yung seller po ba or during shipment nitosana next time lagyan nyo ng fragile buti nlng naayos at naagapan pa at d ko nakita wla palang adapter na ksma pero ok lng,1,0,0,0,
236,4 star lang uke naman ung products nya kaso hnd ganung ka secured ung items nya pwdng mabasag kung hnd maingat kakapitan wala man lang fragile na nakalagay or warning na babasagin or pwdng mabasag ung items,1,0,0,0,
237,good nmn khit my konti basag sa my ringlight ok nmn xa kaso nga lng may basag buti nlng plastik ung pinaka ringlight pero good na un sa presyo nxt time po pkiayos at plz wla basag sa sunod na order tysm seller and to rider slmat din,1,0,1,1,
238,maayos naman yung ring light kaso may onting mga sira lang yung sa light mismo pati sa wire and i dont know kung tama yung pag assemble ko hehe ako lang po kasi nag ayos,1,0,0,0,
239,maganda sya at yung packaging kaso medyo mahina yung lights pero all goods naman thank you seller,1,0,0,1,
240,maganda sitakaso maliit pala talaga ngay medyo mahina din siya madaling i assemble ok naman na mahal lang talaga shipping fee,1,0,1,0,
241,working nmn kaso d maganda ang packaging wala man lang bubble wrap kaya yupi yupi buti nlng okay pa ung sa light at stand   sana improve lang ang packaging so far maganda nmn at affordable,1,0,1,0,
242,we like the product kaso si seller kung sino huli umorder yun ang naunang dumating kaya ang tagal dumating nitong item and next time din i will not choose ninja van sa delivery,1,1,0,1,
243,okay naman yung ringlight maliit lang pala yung mismong ilaw pero okay naman for live selling mura din well packed akala ko lang na pwedeng walang ringlight kaso hindi pala okay din yung height niyo siguro bili na lang ako ng mas malaking ringlight,1,0,1,0,
244,1010 ok naman yung item mukang mgtatagal at my tibay din nmnkaso type c ung order komalaki pla xa sa butas ng oppo a15sdko din po magagamitsalamat sa mabilis na shipping,1,1,0,0,
245,ok naman sya maayos din yung pag packed nya kaso wala yung headsetmedyo disappointed ako sa mga ibang feedback kaya gusto ko ipa cancelled sana ito noon pero mabuti nalang kinuha ko padin at satisfied padin yung binigyan ko kahit may kulang,0,0,0,0,
246,10 okay na sana kaso mali yung kulay black order ko blue ang dumating,0,1,0,0,
247,okay naman yung item siguro tatagal naman tuh yun nga lang siguro nga nag assume ako na makukuha ko is yung nakikita ko sa box na may kulay at camera at yung sa picture nyu na may kulay kaso ganun talaga expectation vs reality hahhaahhaahhaahhaha well murang mura talaga minus,1,0,1,0,
248,great less 1 star lang kase balck ung variant ko kaso red binigay gehehe,0,1,0,0,
249,well packed naman yung orders at complete sya nagana naman yung cp kaso kahit 0 brightness na ang liwanang pa din pero goods na rin sa price,1,0,1,0,
250,ok naman ang item at color kaso ang tagal dumating na unahan sa iba kong order ok lang kahit matagal dimating at my dumating salamat seller,0,1,0,1,
251,maganda naman siyagood quality kaso iba lang kulay nong isa,1,0,0,0,
252,okey naman sya kaso maling kulay ang nadeliver i chose black pero red ang dumating,0,1,0,0,
253,ok naman ung phone nagmessage ako sa seller sabi ko red black nlng kunin ko kasi di daw available ung gray kaso navy blue ung pinadala sakin awit,1,0,0,1,
254,ok naman cya kaso fake pala hnd naman sumsong to eh  piro ok na atlast may magagamit pang back up phone,1,0,0,0,
255,ok ok naman siya gumagana at walang damage ang kaso lang ang tagal dumating inabot na ng pasko at new year ngayon lang dumating,1,1,0,0,
256,para kasing mabilis masira yung sa baba mas maganda pag may clip maganda namn sya kaso lng parang di magtatagal but all in all pwede na stanblackpink,1,0,0,0,
257,working and pen ayos naman ang akin na appreciate ko yung gift ha kaso why naman iba ang laman na gift jusme na disappoint ako pero okiee lang naman at gift lang yon pero next time ha pls ayusin,1,0,0,1,
258,oks lng i ordered storage bag tapos yung rubber head kasi pang dalawa ko ng order dito first order ko yong no clip na pen kaso na wala ko yong rubber head so i decided to order the rubber head na lng tapos storage pra di sayang bayad sa shipping,0,0,1,0,
259,maganda siya kaso parang nahirapan ako gamitin compare sa normal ballpen kasi may round siya sa tip pero maganda naman sguro need lang masanay both ends are working thank you,1,0,0,0,
260,maganda halos one week bago ko marecieve compatible naman sya sa android phone ko xiaomi thank you shopee and seller at mabait din yung nagdeliver godbless,1,1,0,1,
261,legit siya at gumagana talaga ang galing akla ko hindi ang ganda pa kasi kabilaan siya ngagamit ko siya sa ahit na anong gadget ko sana tummagal at maganda pa din kahit matagal na bibili uli ako sa shop nila,1,0,0,0,
262,sobrang gandaaaaa talaaaaagaaa tagal ko inantay to at hindi ako nadisappoint sobrang ganda kahit sa packaging medyo di okay pero buti di nasira ung product will order again thank youuuu,1,0,0,0,
263,pic not relevant hehe di ko na po kasi na picture but yhe product worked need ko lang pangdrawing aa cp hehhee masakit na sa kamay,1,0,0,0,
264,the pen came pretty fast maganda quality nya and easier na ung aking pagdrawing sa digital art well packaged pa sya,1,1,0,0,
265,smooth siya gamitin bili dinnkayoooooo as in smooth like butter like a criminal undercover ganuuuun wiya mga sissss,1,0,0,0,
266,matagal lang iship pero okay lang naman nakapaghintay naman at saktong sakto for our animation hehe maganda sya highly recommend this to others,1,1,0,0,
267,medyo matagal shipping pero super worth it pag iintay gumagana pareho and super smooth niya gamitin super helpful nito sa online class ko thank you seller,1,1,0,1,
268,ive tried it after ko makuha yung package at surprisingly gumana nga medyo naninibago lng ako pero konting practice lng siguro kailangan anyways salamat,1,0,0,0,
269,yes here it is yeyyyyyyyyy good ang quality and magaan lang siya i can now start sa digutal sketching hahagafa thanks again,1,0,0,0,
270,wala namang problem sa item at salamat sa freebies,1,0,0,0,
271,legitganda nito guyzmatagal lng dumating ang item kz from overseas pthank u sellerwill surely order again,1,1,0,1,
272,yeereyyy dumating din thank you soo much it works on me and its really comfortable to use i can now touch it in my ipad easily thank you,1,0,0,0,
273,maganda siyaaaaa tapos gumagana naman siya sa cp ko thankkyouuuuu selller sobrang nagustuhan ng pinsan koooooooo i will use it,1,0,0,1,
274,oks siya maganda yung product tsaka yung cap nakuha ko siya sa ng may discount kaya goods and satisfied costumer here thank you,1,0,1,1,
275,okay naman yung item working din yung digital pen yung otg hindi ko pa natry pero sana gumana din sya may freebie din sy though hindi ko alam kung para saan yun pero thank you pa din seller,1,0,0,1,
276,ang ganda nya smooth sya thank you seller ang ganda talaga nya hindi mabilis ung pag diliver pero ang ganda ng kinalabasan,1,1,0,1,
277,gumaganern gumagana gumaganern gumagana gumaganern gumagana love it sana magtagal sakin 33 first stylus ko to heheheh,1,0,0,0,
278,finally mas masarap magdrawing kasi may stylus na ako thank you,1,0,0,0,
279,thank youuuu worth it ang paghihintay ko ang ganda niya,1,0,0,0,
280,maganda ang items thank you seller S,1,0,0,1,
281,super nice and gumagana siya sa phone ko good quality worth it sa price and i think gaganahan ako mag notes sa klase jdjdjs,1,0,1,0,
282,ang gandaaaa sana matagal tong masira i will order again soooonnm thank you seller thank you so much,1,0,0,1,
283,ang bilis ng parcel dumating thank you seller functional naman lahat salamat jnt,1,1,0,1,
284,high quality mabilis mag dumating tsaka safe sa packaginh,1,1,0,0,
285,55 grabe isa na yata to sa mga pinakasumaya ako na inorder hehe ang ganda nya mukhang elegant mabigat bigat din hindi sya plastik at compatible sya sa ipad at iphone ang ganda2x talaga sana tumagal sya kahit gamitin ko araw2x at hindi sya mamuti ang saya ko talaga ang,1,0,0,0,
286,stylus maganda no joke its seems durable naman sana nga tumagal highly recommended pen,1,0,0,0,
287,mukhang mgtatagal nmn po thank you po seller nagustuhan ng pmangkin q super khit medyo mtgal dumting naiinip n nga po cya s pagdting she loves it very muchsalamat dn po ky rider n ngdeliver,1,1,0,1,
288,wow ang bilis lng dumating ng order ko knowing galing pa to ng ibang bansa at ang mura niya thank you for good packaging at quality ng pen will definitely order again kasi maganda din siya panggift hehe thank you din po sa courier knina at sa shopee for vouchers,1,1,1,0,
289,tysm im very satisfied with the quality of the products the only issue i have with the stylus pen is that it keeps on making those dots like what you see on the video but its fine with me this will help me in doing my digital notes because im,1,0,0,0,
290,ang ganda  medyo matagal lang dumating pero naiintindihan ko naman hindi pa ako maganda magsulat gamit to kaya pangit pa sulat kohindi madadamaged phone mo pwede sya sa lahat ng unit ng cp sobrang happy ko kasi makakapag drawing na ako tama lang yung bigat nya thank you seller,1,1,0,1,
291,ang ganda ng stylus dhdjebdjej sa sobrang excited ko kung ano ano na pinag drodrawing ko hshs sobrang smooth niya gamitin saka safe na safe na dumating tapos ang bilis pa dumating ket overseas siya gshshs basta ang ganda both tip gumagana saka ang mura lang so yea bili na,1,1,1,0,
292,maganda at ang galing ng product sulit n kahit papaano kahapon ko pa dapat nareceive kaso holiday quick sketch kay sugawara hindi pa ako sanay sa maliit na screen,1,0,1,0,
293,medyo matagal dumating pero understandable naman kasi galing china buti maingat ung nagdeliver at nagship kasi dumating syang walang gasgas or damage gumagana ng maayos nakakailang lang ung circular na flat plastic sa dulo ng pen,1,1,0,0,
294,thank you seller its very nice buti umabot at naibalot na rin at thanks din shopee and the delivery boy thanks to all of you and keep up the good work merry christmas to all of you and a happy new year,1,1,0,1,
295,maganda super nagustuhan ng anak ko happy happy siya will buy again thank you very much shoppee masaya na nagdrawing ang bebe ko,1,0,0,1,
296,took 6 days to deliver nakaplastic lang na ganyan gumagana naman parehas yung rubber mas makapal ang sulat syempre haha then yung parang pencil manipis of course lol so far so good natatanggal yung sa may tip so sa tingin ko pwede syang palitan kapag nasira sana may available lang,1,1,0,0,
297,waited a week before rating this its super niceeeeeew ang gandaaa nyaaa likwe jahwkdbakebsijahs omgeeeeeeeee so un natuwa parents ko sa digital dtawing ko sa kapatid ko thwm sa sobrang proud nila shinare nila sa mga tita tito ko then sabi nila ang galing ko daw ajhashis skl kbye love,1,0,0,0,
298,quality 1010 usability 1010 accuracy 910 one of the best purchases ive made its not as accurate as a real pen stylus pero sobrang helpful sakin both styluses are working fine hindi nagpuputol putol yung strokes yung disc lang manipis yung flexi rubber so dapat maingat gumamit i love it,1,0,0,0,
299,5 stars kase ang ganda ng quality compared to its price smooth ang pagkakadraw ko ng lines mas mapapadali nito ang pagdadrawing ko thank you,1,0,1,0,
300,thank you so much po seller thank you so much po shopee thank you so much po kua rider super happy po aq sa mga items good quality and all working po so worried kasi 2 weeks na and lagi umuulan bka mabasa buti nlng lagi iniingatan ni kua rider,1,1,0,1,
301,napakaganda love itt ang ganda ng pagkakagawaa complete and no damage at nakasale pa thank you sa pafree giftt will surely buy again thank you seller and shoopee,1,0,1,1,
302,grabe ang bilis dumating ng item considering nasa mindanao ako maganda ang at function yung item kung anung gamit nya super sulit salamt seller,1,1,1,1,
303,sarap ipangtouch kaso kung isusulat mo sya for planner di magwowork kasi di dumederetso ang line kaya pala ung iba nagiinvest don sa bluetooth mas finess ang sulat worth the price naman sya,1,0,1,0,
304,excellent quality worth your money gumagana matagal delivery pero overseas kasi kaso matagal talaga magandaaaaaaaa,1,1,1,0,
305,okay naman siya maganda naman and quality kaso late lang and nag lalag idk how to explain e hahaha but still okay siya video not related,1,1,0,0,
306,video not related maganda naman kaso d siya ganun ka kapal considering for its price kaya okay na rinthank you seller,1,0,1,1,
307,correct good quality ganda nya kaso maliit pala size nya so i will order again thank you thank you thank you thank you,1,0,0,0,
308,maganda slippers kaso yung isa maliit yung binigay hindi sakto sa size na inorder ko tig offer ko na lang sa pinsan kong maliit para lang di masayang sana po next time tamang size ang ipadala nyo salamat pooooo,1,0,0,0,
309,goods naman yung quality kaso nakakarindi yung tunog ng air pressure sa tuwing nilalakad mo may tunog palagi kaya yun lang di ko nagustuhan,1,0,0,0,
310,ok naman yung slipper kaso maliit ang size nya much better kung mag add ng 2 sa normal size nyo thanks,1,0,0,0,
311,100 ganda siya kaso maliit lang sizing nila pero goods panaman walang sira and okay dumating thankyou seller,1,1,0,1,
312,good goods nman sya kaso maliit na order q hehe,1,0,0,0,
313,goods nman kaso maliit pla na order q hehe,1,0,0,0,
314,maganda siya guys goods yung quality niya kaso nga lang maliit siya sa paa ng bebe ko kya sa kapatid niya napunta,1,0,0,0,
315,ok na sna kaso di nman euro size ang sizing nlamaliit sa akin ung binigay ko na size sa knila wc is un ang size o sa euro,1,0,0,0,
316,ayoosss namn yungggg sizee saktoo nagustohan kooo syaa kasoooo anggg dumii jung dumating pag open ko palang nungparcel ang dumiiii na nyaaa good quality namn syaaaa medj nakakadisapoint lang kasi di matangal yung dumi ket anong kus kus,1,1,0,0,
317,good product kaso nagkamali ako sa pag pili ng size kaya medyo maliit sakin kaya ginawa ko pinakuluan ko sa tubing at sinuot ng pabaliktad para lumaki will order again kung maputol nati,1,0,0,0,
318,maganda at well packed naman kaso need mag add ng 1 size hahak maliit kase sakin hahak,1,0,0,0,
319,maganda naman yung item at sakto lang sa asawa ko yun size kaso ang tagal dumating mahigit 2 weeks ata,1,1,0,0,
320,maganda siya and affordable di rin siya dinikit lang may mga straps siya sa ilalim kaso medyo manipis pero overall sulit na siya for the price,1,0,1,0,
321,maganda kaso di ko talaga makuha yung size ko tho 2nd order ko na,1,0,0,0,
322,maganda yung quality kaso maliit tlga yung size still thank you seller,1,0,0,1,
323,ok yong item maayos ang pack at maganda compatible connected sa android phone at tablet kaso lang di pala chargable,1,0,0,0,
324,okay naman sana kaso mukhang hindi bago yung item dahil sa dumi ang dumi sa gilid box is not even sealed havent tried the fans yet okay na rin siguro thinking of the price thanks seller,1,0,1,0,
325,white maganda nmn pokaso manipis sia kala ko medyo makapal poat rubber din po sia,1,0,0,0,
326,the shipment was very fast ok nman its working kaso sira na yung box pag dating you may need to improve your packaging and handling,1,1,0,0,
327,small and can fit easily with my bag light green siya pero mas close sa pag ka offwhite yung color maganda siya at mukhang matibay kaso di pala mahaba yung handle niya pero okay lang naman medyo nahihirapan lang din akon magtupi hahahaha,1,0,0,0,
328,ok may mga butas lng po pero pwede na pag sa tag init ewan ko lang pag tag ulan pero ok naman po quality kaso baka na miss look lang po na may butas and ang hirap nya ifold,1,0,0,0,
329,arrived really fast and packaged well good quality naman unfortunately natatanggal yung mismong umbrella doon sa handle nya and medjo hirap buksan yung payong though its not too much of a problem kaso kailangan mo kasi ng force para buksan yung payong kaya nagcacause sya matanggal yung handle,1,1,0,0,
330,so far so good sulit din for its price hehe mej mahal mabigat siya gray sana kaso black lang available bought this for our camping and beach getaway mukhang matibay salamat seller salamat shopeee,1,0,1,1,
331,8510 thank you po maganda siya kaso para siyang plastic kaya 4 stars lang muna and godbless po sa seller and kay kuya rider 8510 rate,1,0,0,1,
332,best maganda na sana kaso pag binalik yung buds sa case hindi naman nagchacharge sa case need pa isaksak yung case dapat nagchacharge sa case since may charge din ito maliban dito overall satisfied,1,0,0,0,
333,makapal naman yung tela ng payong kaso medyo mauga siya hahahahaha pero goods pa rin kahit papaano need lang ng konting ingat 4 stars lang kasi mauga nga tapos hindi siya red in actual para siyang red violet,1,0,0,0,
334,good ang bilis dumating ng order ko well packed naman kaso ang tigas ng pindutan ang hirap buksan tska yung kulay niya hindi siya white gray ang kulay niya at sana mag tagal din,1,1,0,0,
335,good ok yung items kaso butasbutas ng nakarating sakin dahil naka lagay lang siya sa plastic ng jt hindi man lang naka box so sad pero goods yung item,1,0,0,0,
336,medyo thick rin and matte yung handle grabe so happy for d pirchase po mall quality although mura nabili sulit po for the price no super duper na high quality pero same lang sa nabibili sa dept stores na umaabit for 500 like that may amoy lang na plastic kaso,1,0,1,0,
337,maganda ung payong kaso hindi ko inexpect na grayish pala kulay niya instead of white anyways good condition naman and maganda so ill give it a 4,1,0,0,0,
338,good ok nmn lahat kaso ang expect ko na kulay is iba light blue expect ko pero all goods nmn,1,0,0,0,
339,maganda sana sya kaso may sira yung taas baka dahil sa delivery nabasag pero parang matibay naman nadissapoint lang ako pero over all okay naman,1,1,0,0,
340,maganda pati quality kaso may sira yung black sana nacheck po muna huhu ganda pa naman thank yooouuuu,1,0,0,1,
341,good kaso maling color dapat yung color blue pero maroon ang dumatingpero okay lang naman,0,1,0,0,
342,10 sana tumgal mukhang matibay naman sya kaso wala kasamang battery hehe salamt kay rider at kay shopee god bless po,1,0,0,0,
343,just only for stars lang kasi may crack yung isa wala daw bubble wrap yung isa kong parcel pero ok lang naman its working and ang lakas makasosyal,1,0,0,0,
344,810 salamat seller ok naman yung product kaso parang hindi sya for gaming may delay lang ng konti as far as good naman  maganda yung tunog  maganda lang sya for music  yun lang salamat po ulit lenovo gm2,1,0,0,0,
345,maganda sya kaso pag mag susulat di tuloy tuloy ung tenta nya mabilis din sya dumating sulit money mo sa ibang products nya thank you seller,1,1,1,1,
346,second time buying thiss kase ang ganda kaso yung iba tabingi yung pinaka sulatan,1,0,0,0,
347,ok na sana lahat kaso pagdating sa socks black ang order q maling kulay nilagay 6 na pairs pa naman ung ibang item ok naman ung wall cp stand ok naman kaso meh makunat na pag na diinan mo mababasag,1,0,0,0,
348,maganda po sya nakasealed din ng maayos kaso kala ko mabigat sya pero pwede na din po based sa price nya order ako ulit soon thank u po,1,0,1,0,
349,ganda ng quality and ang aesthetic niya tingnan mukha naman di madaling masira yung mga size 5 ang paa sakto na yung size 37 mabilis din na ship unfortunately 4 stars lang ang bibigay ko na review kasi gusto ko talaga ng beige color kaso black yung dumating,1,1,0,0,
350,i bought five of these para sa family ko natuwa naman sila kasi super lambot and above expectations for the price kaso yun nga lang maliit sizing di kasya sa lalaki,1,0,1,0,
351,good thanku seller okay naman ang items kaso yung sa kabila side is masikip din sa kabila okay naman pero goods nadin naman thanku add one size nalang sa gusto umorder,1,0,0,0,
352,nareceive na po ni mama kaso hindi ata okay sizing nila dito umorder kasi gf ko same size pero maliit sa kanya yung pinadala so same na lang inorder ko para kay mama kasi sakto kay mama yung dineliver sa gf ko tapos pag dating malaki pala ay ewan pero,1,0,0,0,
353,okay na sana kaso mali yung size eh yung purple okay yung size etong white 4041 din size n binili ko kaso 3839 lng pinadala,1,0,0,0,
354,okay nmn maganda ang item kaso my damage di nacheck ni seller bago nia ipack sana s susunod check the item bago iship s buyer,1,0,0,1,
355,ganda ng mga iteam kaso mali yung slipper na received ko pero goods namn maganda din namn yung binigay thankyouu so much po seller godblessed,1,0,0,1,
356,fast delivery kaya lng maliit sya for size 4041,0,1,0,0,
357,ok naman sya kaso yung isa nga lang walang blue hopefully sa nex na order ko gumana lahat kasi sayang naman po pera ko kung di po gagana lahat hehe,1,0,0,0,
358,maganda naman at safe dumating kaso parang hindi ata siya 5 meters mga 3 meters lang ata yung saakin pero overall okay parin naman,1,1,0,0,
359,goods naman mga order ko kaso kulang yung pinadala na parcel nag message ako sa kanila kaso hindi sila nagrereply sana maging pair din sila sa mga buyer kahit na mura pa yan dahil nagbabayad naman ng ayos kaya naman ako dito bumili uli kase natry ko na dati at,0,0,0,1,
360,mabilis delivery and gumagana naman laht ng lights kaso hindi ata bago yung nilagay na battery sa remote i had to buy a new one and it cost php75 sana next time wag muna ilagay yung battery or make sure bago nakalagay,1,1,0,0,
361,umiilaw nmn kaso ung remote d nagana sira ata battery may gasgas kasi,1,0,0,0,
362,sall goods naman kaso ung isa walng green na ilaw goods naman sa lahat sa ilaw lang tlaga salamat po,1,0,0,0,
363,goods naman po kaso maunti yung kulay kala ko po malaki yung remote pero okay lng po worth it nmn po thankyou,1,0,1,0,
364,its okay kaso ang huna nung pang connect and ng wire,1,0,0,0,
365,good kaso di umabot sa target date,0,1,0,0,
366,hindi masyadong mabigat kaso mukhang makalat so far maganda sya and recommended,1,0,0,0,
367,maganda ang ganda po nya kaso parang d naman po waterproof na tatanggal pag bina basa na pero okay lang basta may ma gamit ako,1,0,0,0,
368,okay naman kaso matagal matuyo kasi malabnaw pero okay nam siya good for the price,1,0,1,0,
369,good maliit yung brush pero ok na mura lang nman eh thank u manong delivery khit naligaw ka,1,1,1,0,
370,sakto lang sakto lang for the price,0,0,1,0,
371,ang gnda kaso ung fakenails is hindi nka bubble wrap,0,0,0,0,
372,okay siya bago masulat at magandang gamitin sa eyelashes pinapakapal at pinapahaba thank you seller,1,0,0,1,
373,basta 5 star order kau madali lang sya gamitin,0,0,0,0,
374,wala nako pics peroo ang ganda nyaa huhu kompleto naman yung orders q will buy again soon33,1,0,0,0,
375,ang gandaaaaaa very satisfied sa naorder ko sa uulitin thank you,1,0,0,0,
376,maganda namn kaso matagal lang matuyo pero thank you reseller,1,0,0,0,
377,ang ganda nya po subra,1,0,0,0,
378,super nice at ang gaganda,1,0,0,0,
379,thank you seller bilis dumating,0,1,0,1,
380,ganda waterproof den sya di sya mabilis maalis,1,0,0,0,
381,napaka ganda long lasting at water prof,1,0,0,0,
382,goo very light lang ganda naman pero mas maganda ako hahahahahabababababababababababahahahahahahahahaha,1,0,0,0,
383,ang ganda slamat po seller,1,0,0,0,
384,maayoss ung pruduct and subrang ganda gamitin,1,0,0,0,
385,90 i was little disappointed nung unang kong kita sa item kc naliitan ako tapos nung nag try ako maganda legit yong pagka water proof nya kahit maghilamos kpa ng 2 beses very affordable pa,1,0,1,0,
386,good its good really nice parang natural tignan pag maglagay ako nito,1,0,0,0,
387,ang gandaaa subraa na gustohan ko thankyou poo,1,0,0,0,
388,its a yes for me napaka ganda ng quality,1,0,0,0,
389,okay nmm kso hindi sya waterproof thank u ig,1,0,0,0,
390,super ganda ng productssalamat po seller,1,0,0,1,
391,complete orders hindi sya nakalat,0,0,0,0,
392,okay lang for the price,0,0,1,0,
393,maliit lang pala sya pero pede na for its price,1,0,1,0,
394,super ganda kso need mo tlga sya patuyuin maigi,1,0,0,0,
395,thnk u seller khit mgtal dumating nman ang items,0,1,0,1,
396,legit super ganda niya,1,0,0,0,
397,i received the i tem tnx po ok naman siya,1,0,0,0,
398,ang tagal ng shippngpero wort it nice masyado,0,1,0,0,
399,sobrang ganda nyaaaaa promise gagi,1,0,0,0,
400,got my parcel okay naman sya thanks to seller,1,0,0,1,
401,magandapero supper delay,0,1,0,0,
402,good good goodd goodd goodd maganda maganda maganda maganda ill buy again next timeeeeeeee,1,0,0,0,
403,smell like normal mascara,1,0,0,0,
404,ang cutieeee kahit hindi ako marunong bumili pa dn ako thankyou seller godbless and thank you rider keep safe,0,0,0,1,
405,ang ganda po thank u,1,0,0,0,
406,nice product ang ganda talaga niya and super cute,1,0,0,0,
407,maayos nmn kahit matagal dumating thanks seller,0,1,0,1,
408,ok na for its price but not realy waterproof,1,0,1,0,
409,ganda nf mascara promise effective talaga siya,1,0,0,0,
410,ang ganda ilove it,1,0,0,0,